Byteiota,Algorithms,A Complete Introduction to Algorithms,https://byteiota.com/introduction-to-algorithms/
Byteiota,Machine Learning,Introduction to NLP – Natural Language Processing,https://byteiota.com/introduction-to-nlp/
Byteiota,Machine Learning,"Face Recognition using Python, OpenCV and One-Shot Learning",https://byteiota.com/face-recognition/
Byteiota,Machine Learning,Train An Object Detection Model using Tensorflow on Colab,https://byteiota.com/object-detection-tensorflow/
Byteiota,Web Development,CSS Transitions,https://byteiota.com/css-transitions/
Byteiota,Web Development,CSS3 Position Property,https://byteiota.com/css-position/
Byteiota,Web Development,CSS Flexbox: Flex-Item,https://byteiota.com/flexbox-items/
Byteiota,Web Development,A Complete Introduction to CSS Flexbox – Flex Container,https://byteiota.com/flexbox-conatiner/
Byteiota,Python,How To Send Emails Using Python,https://byteiota.com/send-emails-using-python/
Byteiota,Python,How to Create a Virtual Environment (venv) in Python,https://byteiota.com/virtual-environment-python/
BBC,Education Health,1.5m pupils out of school in England last week,https://www.bbc.co.uk/news/education-57820776
BBC,Education Health,School aid for Syrian children who know war planes but not shops,https://www.bbc.co.uk/news/education-57797787
BBC,Education Health,Exams 2022: Students to get advance notice of topics,https://www.bbc.co.uk/news/education-57808229
BBC,Education Health,Lockdown: 'Children behind in speech and understanding',https://www.bbc.co.uk/news/education-57764096
BBC,Education Health,Huge surge in number of pupils sent home due to Covid,https://www.bbc.co.uk/news/education-57723916
BBC,Education Health,University of Manchester remote learning plan criticised by students,https://www.bbc.co.uk/news/uk-england-manchester-57746712
BBC,Education Health,Covid bubbles to be axed in England's schools,https://www.bbc.co.uk/news/education-57736739
BBC,Education Health,Covid-19: New rules for schools in England to be set out,https://www.bbc.co.uk/news/uk-57730189
BBC,Education Health,Covid-19: Head teacher 'nervous' about lifting restrictions,https://www.bbc.co.uk/news/uk-england-birmingham-57712411
BBC,Education Health,BBC Bitesize edits page to remove list of climate change 'benefits',https://www.bbc.co.uk/news/entertainment-arts-57697875
BBC,Education Health,Pressure from MPs on rise in pupils sent home,https://www.bbc.co.uk/news/education-57683618
BBC,Education Health,Call to scrap 'out of sync' school mask rules in Wales,https://www.bbc.co.uk/news/uk-wales-57677325
BBC,Education Health,Covid: Number of positive isolating pupils unknown in England,https://www.bbc.co.uk/news/health-57671735
BBC,Education Health,Cambridge University: In-person graduation returns,https://www.bbc.co.uk/news/uk-england-cambridgeshire-57667497
BBC,Education Health,Will my child get free school meals this summer? ,https://www.bbc.co.uk/news/explainers-53053337
BBC,Education Health,Students: ‘Uni definitely not good value this year’,https://www.bbc.co.uk/news/education-57586742
BBC,Education Health,Self-isolating students in end-of-tenancy 'nightmare',https://www.bbc.co.uk/news/newsbeat-57644652
BBC,Education Health,Poorer white pupils 'let down and neglected',https://www.bbc.co.uk/news/education-57558746
BBC,Education Health,Covid-19: School proms hit by continuing lockdown restrictions,https://www.bbc.co.uk/news/uk-england-cambridgeshire-57555498
BBC,Education Health,Child labour in Uganda: The hidden costs of Covid,https://www.bbc.co.uk/news/world-africa-57600657
BBC,Education Health,Should schoolchildren still have to self-isolate?,https://www.bbc.co.uk/news/health-57528279
BBC,Education Health,Contaminated blood inquiry: The school where dozens of pupils died,https://www.bbc.co.uk/news/uk-57547366
BBC,Education Health,'I play all the instruments in my Irish music band',https://www.bbc.co.uk/news/uk-northern-ireland-57510337
BBC,Education Health,Williamson wants to scrap bubbles to keep pupils in school,https://www.bbc.co.uk/news/education-57664192
BBC,Education Health,More pupils sent home as Covid disruption soars,https://www.bbc.co.uk/news/education-57640397
BBC,Education Health,Free school lunches for all children in P4 and P5 in Scotland,https://www.bbc.co.uk/news/uk-scotland-57359072
BBC,Education Health,School catch-up tsar resigns over lack of funding,https://www.bbc.co.uk/news/education-57335558
BBC,Education Health,Boris Johnson promises more school catch-up cash in 'damp squib' row,https://www.bbc.co.uk/news/education-57320450
BBC,Education Health,Face masks no longer required in classrooms,https://www.bbc.co.uk/news/education-57059407
BBC,Education Health,Covid: Poor pupils fall further behind in maths,https://www.bbc.co.uk/news/education-56996245
BBC,Education Health,Coronavirus testing: How to do a lateral flow test at home,https://www.bbc.co.uk/news/health-56326456
BBC,Education Health,School 'feels alive' after children's return,https://www.bbc.co.uk/news/education-56375885
BBC,Education Health,"First day back at school has 'gone well', say heads",https://www.bbc.co.uk/news/education-56293639
BBC,Education Health,How could children make up for lost school time?,https://www.bbc.co.uk/news/explainers-55938837
BBC,Education Health,The black children wrongly sent to 'special' schools in the 1970s,https://www.bbc.co.uk/news/uk-57099654
BBC,Education Health,Covid: Parents worry about lost learning as schools reopen,https://www.bbc.co.uk/news/education-56292525
BBC,Education Health,"Parents not giving Covid test consent, warn heads",https://www.bbc.co.uk/news/education-56297590
BBC,Education Health,Exams likely to face more changes in 2022,https://www.bbc.co.uk/news/education-57579211
BBC,Education Health,Scottish exams body to be reformed amid grades row,https://www.bbc.co.uk/news/uk-scotland-scotland-politics-57346742
BBC,Education Health,Lectures staying online into autumn term,https://www.bbc.co.uk/news/education-57150071
BBC,Education Health,Students feel like an 'afterthought' after university return date,https://www.bbc.co.uk/news/newsbeat-56727151
BBC,Education Health,Would universities call parents in a mental health crisis?,https://www.bbc.co.uk/news/education-56763189
BBC,Education Health,What's the plan for students returning to uni?,https://www.bbc.co.uk/news/explainers-52753913
BBC,Education Health,Coronavirus: Should university students get a refund?,https://www.bbc.co.uk/news/education-56083667
BBC,Education Health,Turing Scheme: What is the Erasmus replacement?,https://www.bbc.co.uk/news/education-47293927
BBC,Education Health,Teachers' grades for cancelled A-level and GCSEs,https://www.bbc.co.uk/news/education-56157413
BBC,Education Health,Coronavirus: The story of the big U-turn of the summer,https://www.bbc.co.uk/news/education-54103612
BBC,Science Environment,"Carry on flying, says government green plan",https://www.bbc.co.uk/news/business-57830168
BBC,Science Environment,EU unveils sweeping climate change plan,https://www.bbc.co.uk/news/world-europe-57833807
BBC,Science Environment,Climate crisis rallies young people,https://www.bbc.co.uk/news/science-environment-57827178
BBC,Science Environment,Prince Charles' warning over survival of small farms,https://www.bbc.co.uk/news/uk-57826560
BBC,Science Environment,Benjamin Jesty: The unsung hero of vaccination,https://www.bbc.co.uk/news/uk-england-dorset-57460445
BBC,Science Environment,Climate change: Technology boosts efforts to curb tree loss in Amazon,https://www.bbc.co.uk/news/science-environment-57807544
BBC,Science Environment,Giant goldfish problem in US lake prompts warning to pet owners,https://www.bbc.co.uk/news/world-us-canada-57816922
BBC,Science Environment,US heatwave: Could US and Canada see the worst wildfires yet?,https://www.bbc.co.uk/news/57770728
BBC,Science Environment,Virgin Galactic: Sir Richard Branson rockets to the edge of space,https://www.bbc.co.uk/news/science-environment-57797297
BBC,Science Environment,Covid origins: Scientists weigh up evidence over virus's origins,https://www.bbc.co.uk/news/science-environment-57782955
BBC,Science Environment,Virgin Galactic's Beth Moses: 'No camera can capture the magic',https://www.bbc.co.uk/news/science-environment-57788517
BBC,Science Environment,Climate change: US-Canada heatwave 'virtually impossible' without warming,https://www.bbc.co.uk/news/science-environment-57751918
BBC,Science Environment,Nature: Backyard moth spotting rises during lockdown,https://www.bbc.co.uk/news/science-environment-57742701
BBC,Science Environment,Record June temperatures point to more 'extraordinary' extremes,https://www.bbc.co.uk/news/science-environment-57742482
BBC,Science Environment,Florida breaks manatee death record in first six months of 2021,https://www.bbc.co.uk/news/world-us-canada-57802165
BBC,Science Environment,Why North America's killer heat scares me,https://www.bbc.co.uk/news/world-us-canada-57729502
BBC,Science Environment,Climate change: Planting extra trees will boost rainfall across Europe,https://www.bbc.co.uk/news/science-environment-57722879
BBC,Science Environment,Critically endangered antelope saiga makes comeback,https://www.bbc.co.uk/news/science-environment-57688320
BBC,Science Environment,Climate change: The craft brewery using algae to cut emissions,https://www.bbc.co.uk/news/world-australia-57675513
BBC,Science Environment,"Virgin Galactic: Richard Branson's long, winding path to space",https://www.bbc.co.uk/news/science-environment-57798167
BBC,Science Environment,"Blue Origin flight: Wally Funk, 82, to join Jeff Bezos space flight",https://www.bbc.co.uk/news/world-us-canada-57686654
BBC,Science Environment,Appeal to identify 'La Botaniste' who slipped from history,https://www.bbc.co.uk/news/science-environment-57601841
BBC,Science Environment,Climate change: How can you make your home eco-friendly?,https://www.bbc.co.uk/news/uk-wales-57226425
BBC,Science Environment,Astronomy Photographer of the Year 2021: Shortlist revealed,https://www.bbc.co.uk/news/in-pictures-57653901
BBC,Technology,NHS Covid app: Should it stay or should it go?,https://www.bbc.co.uk/news/technology-57836325
BBC,Technology,Facebook adds 'expert' feature to groups,https://www.bbc.co.uk/news/technology-57836319
BBC,Technology,REvil: Ransomware gang websites disappear from internet,https://www.bbc.co.uk/news/technology-57826851
BBC,Technology,Google fined €500m by French competition authority,https://www.bbc.co.uk/news/technology-57811953
BBC,Technology,Social-media giants discuss racist abuse with PM,https://www.bbc.co.uk/news/technology-57811955
BBC,Technology,Amazon rolls out encryption for Ring doorbells,https://www.bbc.co.uk/news/technology-57817464
BBC,Technology,"Social media influencers face relentless abuse, MPs are told",https://www.bbc.co.uk/news/entertainment-arts-57823716
BBC,Technology,Red Dead Redemption research: 'Gamers learn about nature',https://www.bbc.co.uk/news/uk-england-devon-57805418
BBC,Technology,Iranian hackers posed as British-based academic,https://www.bbc.co.uk/news/technology-57817463
BBC,Technology,Tesla: Elon Musk ‘rather hates’ being company boss,https://www.bbc.co.uk/news/business-57813938
BBC,Technology,Climate change: Technology boosts efforts to curb tree loss in Amazon,https://www.bbc.co.uk/news/science-environment-57807544
BBC,Technology,Flipkart: India online retail giant raises $3.6bn in latest funding round,https://www.bbc.co.uk/news/business-57815431
BBC,Technology,Duran Duran’s Invisible: 'Thrilled' with AI collaboration,https://www.bbc.co.uk/news/technology-57737384
BBC,Technology,How MetaHuman Creator helped me create ‘Dana’,https://www.bbc.co.uk/news/technology-57569224
BBC,Technology,Google boss Sundar Pichai on tax and his personal tech habits,https://www.bbc.co.uk/news/technology-57777638
BBC,Technology,Quadriplegic driver makes Goodwood Festival racing debut,https://www.bbc.co.uk/news/uk-57768915
BBC,Technology,‘There were no avatars like me so we made a game’,https://www.bbc.co.uk/news/technology-57609523
BBC,Technology,How your driving might reveal early signs of Alzheimer's,https://www.bbc.co.uk/news/business-57670006
BBC,Technology,Voice cloning of growing interest to actors and cybercriminals,https://www.bbc.co.uk/news/business-57761873
BBC,Technology,How did my phone number end up for sale on a US database?,https://www.bbc.co.uk/news/technology-57443597
BBC,Technology,Tired of working from home? Put the office on wheels,https://www.bbc.co.uk/news/business-57649618
BBC,Technology,How de-cluttering grew Facebook Marketplace to 1bn users,https://www.bbc.co.uk/news/business-57733724
BBC,Technology,Why are Chinese tech brands flocking to Euro 2020?,https://www.bbc.co.uk/news/technology-57697509
BBC,Technology,How to get a lucrative job in cybersecurity,https://www.bbc.co.uk/news/business-57663096
BBC,Technology,The codes helping visually-impaired people shop,https://www.bbc.co.uk/news/business-57679943
BBC,Technology,Is the use of jetpacks finally about to take off?,https://www.bbc.co.uk/news/business-57652297
Engadget,Engadget,Xbox family app now lets parents set spending limits,https://www.engadget.com/xbox-family-settings-app-kids-spending-142645365.html?src=rss
Engadget,Engadget,"Paco Rabanne's latest fragrance has NFC, for some reason",https://www.engadget.com/paco-rabanne-nfc-fragrance-robot-bottle-140040817.html?src=rss
Engadget,Engadget,Amazon scraps plan for a Joe Exotic drama starring Nicolas Cage,https://www.engadget.com/amazon-cancels-joe-exotic-nicolas-cage-show-132737285.html?src=rss
Engadget,Engadget,Apple brings its free tutorials to YouTube,https://www.engadget.com/today-at-apple-youtube-130046204.html?src=rss
Engadget,Engadget,Netflix will tell parents what their kids are watching in biweekly emails,https://www.engadget.com/netflix-parents-kids-emails-130039358.html?src=rss
Engadget,Engadget,Amazon is crowdfunding Echo Dots designed by Diane von Furstenberg,https://www.engadget.com/amazon-echo-dot-diane-von-furstenberg-130004242.html?src=rss
Engadget,Engadget,The best accessories for your new iPad,https://www.engadget.com/best-ipad-accessories-130018595.html?src=rss
Engadget,Engadget,Amazon has acquired Facebook's satellite internet team,https://www.engadget.com/amazon-has-acquired-facebooks-satellite-internet-group-115312282.html?src=rss
Engadget,Engadget,The Morning After: Testing out a real-life jet suit,https://www.engadget.com/the-morning-after-testing-real-life-jet-suit-111524030.html?src=rss
Engadget,Engadget,Netflix extends exclusive rights to Universal's animated films in the US,https://www.engadget.com/netflix-exclusive-rights-universal-animated-films-105446842.html?src=rss
Engadget,Engadget,'Loki' will return for a second season on Disney+,https://www.engadget.com/loki-second-season-disney-plus-102012126.html?src=rss
Engadget,Engadget,Microsoft says Chinese hackers used a SolarWinds exploit to conduct attacks,https://www.engadget.com/microsoft-solarwinds-exploit-china-hack-092547713.html?src=rss
Engadget,Engadget,Amazon launches its mobile-first Kindle Vella serialized story platform,https://www.engadget.com/amazon-launches-its-kindle-vella-serialized-story-platform-085016781.html?src=rss
Engadget,Engadget,Ransomware group REvil disappears from the internet,https://www.engadget.com/ransomware-revil-disappears-from-the-internet-081251029.html?src=rss
Engadget,Engadget,Twitter now lets you change who can reply to your tweets,https://www.engadget.com/twitter-change-who-can-reply-tweets-040209768.html?src=rss
Engadget,Engadget,Verizon partners with Mastercard to work on 5G contactless payment tech,https://www.engadget.com/verizon-mastercard-5g-contactless-parternship-010527109.html?src=rss
Engadget,Engadget,Cuba blocks access to Facebook and Telegram in response to protests,https://www.engadget.com/cuba-blocks-internet-access-220656055.html?src=rss
Engadget,Engadget,Apple is reportedly working on a pay later feature for Apple Pay,https://www.engadget.com/apple-pay-later-report-205333095.html?src=rss
Engadget,Engadget,'Company of Heroes 3' will take the classic RTS series to the Mediterranean in 2022,https://www.engadget.com/company-of-heroes-3-annoucement-204030560.html?src=rss
Engadget,Engadget,Facebook Groups can now have dedicated topic 'experts',https://www.engadget.com/facebook-groups-experts-200403454.html?src=rss
Engadget,Engadget,Gogo in-flight internet has been renamed Intelsat,https://www.engadget.com/gogo-rebrand-intelsat-airplane-wifi-193059353.html?src=rss
Engadget,Engadget,Stadia will give developers and publishers a bigger cut of sales,https://www.engadget.com/google-stadia-developers-publishers-revenue-split-185946148.html?src=rss
Engadget,Engadget,Apple's latest MagSafe accessory is a $99 iPhone 12 battery pack,https://www.engadget.com/apple-iphone-12-magsafe-battery-pack-175601349.html?src=rss
Engadget,Engadget,Apple TV+ and HBO Max earn their first best comedy Emmy nominations,https://www.engadget.com/apple-tv-hbo-max-emmy-nominations-ted-lasso-hacks-the-flight-attendant-netflix-disney-plus-172313276.html?src=rss
Engadget,Engadget,Instagram's Security Checkup will help users secure their accounts after a hack,https://www.engadget.com/instagram-security-dashboard-165745960.html?src=rss
Medium,Android Dev,How Much Does It Cost To Create A Face Filter App?,https://javascript.plainenglish.io/how-much-does-it-cost-to-create-a-face-filter-app-d8105e59e1ed?source=rss-------8-----------------android_development
Medium,Android Dev,Exploring Kotlin Functions,https://betterprogramming.pub/exploring-kotlin-functions-af8a345ba85e?source=rss-------8-----------------android_development
Medium,Android Dev,Coroutines: Back to basics,https://kapur2511.medium.com/coroutines-back-to-basics-9e9879121e04?source=rss-------8-----------------android_development
Medium,Android Dev,Real-time Locating Helps Users Get Around,https://basavarajnavi.medium.com/real-time-locating-helps-users-get-around-f32fb9440b69?source=rss-------8-----------------android_development
Medium,Android Dev,An Ultimate Guide On Implementing Behavioral Biometrics In Android Using TypingDNA Authentication…,https://boemo1mmopelwa.medium.com/an-ultimate-guide-on-implementing-behavioral-biometrics-in-android-using-typingdna-authentication-33d848c767f?source=rss-------8-----------------android_development
Medium,Android Dev,MVVM with Coroutine Flow and Unit Tests in Kotlin — Part 1,https://b-chandrasaimohan.medium.com/mvvm-with-coroutine-flow-and-unit-tests-in-kotlin-part-1-f4e35ec33d2a?source=rss-------8-----------------android_development
Medium,Android Dev,Understanding Realm Sync Modes and how to generate Schema from data in MongoDB Atlas,https://medium.com/realm/understanding-realm-sync-modes-and-how-to-generate-schema-from-data-in-mongodb-atlas-add7e6edd648?source=rss-------8-----------------android_development
Medium,Android Dev,5 Reasons Why Flutter Is Better Than React Native,https://betterprogramming.pub/5-reasons-why-flutter-is-better-than-react-native-cf2e9b077f66?source=rss-------8-----------------android_development
Medium,Android Dev,Writing a Serverless Android app (ft. Huawei’s AppGallery Connect) — Part 1 — Auth,https://medium.com/huawei-developers/writing-a-serverless-android-app-ft-huaweis-appgallery-connect-part-1-auth-9f23e47c9b7b?source=rss-------8-----------------android_development
Medium,Android Dev,How to Debug an ANR with traces file,https://dinesh-hema99.medium.com/how-to-debug-an-anr-with-traces-file-160fbb737f39?source=rss-------8-----------------android_development
Medium,Data Science,"In Syracuse, Data Delivers Efficient, Effective, and Equitable Services",https://medium.com/what-works-cities-certification/in-syracuse-data-delivers-efficient-effective-and-equitable-services-3117a326a63c?source=rss-------8-----------------data_science
Medium,Data Science,Saudi Stock Exchange (Tadawul),https://medium.com/@razanAlsallumi/saudi-stock-exchange-tadawul-9d84b2c15852?source=rss-------8-----------------data_science
Medium,Data Science,Regex essential for NLP,https://towardsdatascience.com/regex-essential-for-nlp-ee0336ef988d?source=rss-------8-----------------data_science
Medium,Data Science,How To Dockerize an Existing Ruby on Rails Application,https://towardsdatascience.com/how-to-dockerize-an-existing-ruby-on-rails-application-3eb6d16ec392?source=rss-------8-----------------data_science
Medium,Data Science,What Is Clustering and How Does It Work?,https://medium.com/low-code-for-advanced-data-science/what-is-clustering-and-how-does-it-work-fac4b6703dcd?source=rss-------8-----------------data_science
Medium,Data Science,Feature Scaling,https://techfitlab.medium.com/feature-scaling-9c040fe15710?source=rss-------8-----------------data_science
Medium,Data Science,7 Ways to Take Your Visualizations to The Next Level,https://towardsdatascience.com/7-ways-to-take-your-visualizations-to-the-next-level-4b68cb0f34b4?source=rss-------8-----------------data_science
Medium,Data Science,Topical affinity across Family Violence policies and communication platforms,https://arezou-soltani.medium.com/topical-affinity-across-family-violence-policies-and-communication-platforms-5ec77022f0e5?source=rss-------8-----------------data_science
Medium,Data Science,3 Methods for Handling Missing Data,https://dataakkadian.medium.com/3-methods-for-handling-missing-data-2b7323f5e12?source=rss-------8-----------------data_science
Medium,Data Science,A billion dollar benefit — Capgemini report quantifies the value of data ecosystems,https://medium.com/@jones.steveg/a-billion-dollar-benefit-capgemini-report-quantifies-the-value-of-data-ecosystems-36f79bfc3661?source=rss-------8-----------------data_science
Medium,iOS Dev,The SwiftUI Equivalents to UICollectionView,https://betterprogramming.pub/the-swiftui-equivalents-to-uicollectionview-60415e3c1bbe?source=rss-------8-----------------ios_development
Medium,iOS Dev,Displaying Collections of Data in Xamarin Forms — A Practical Guide,https://blog.devgenius.io/displaying-collections-of-data-in-xamarin-forms-a-practical-guide-31fab01f57e4?source=rss-------8-----------------ios_development
Medium,iOS Dev,Automatic Grammar Agreement & Localizable new APIs,https://bruno-lorenzop.medium.com/automatic-grammar-agreement-b953cbf5d101?source=rss-------8-----------------ios_development
Medium,iOS Dev,Custom SegementedControl in SwiftUI,https://medium.com/axel-springer-tech/custom-segementedcontrol-in-swiftui-e455fe863f7d?source=rss-------8-----------------ios_development
Medium,iOS Dev,"So, Xcode doesn’t support your iPhone’s OS version. Here’s how to fix it.",https://dilumdesilva.medium.com/so-xcode-doesnt-support-your-iphone-s-os-version-here-s-how-to-fix-it-c2db7fd58468?source=rss-------8-----------------ios_development
Medium,iOS Dev,"CloudKit Sharing, Apple, and You",https://deeje.medium.com/cloudkit-sharing-apple-and-you-900441dbef29?source=rss-------8-----------------ios_development
Medium,iOS Dev,Understanding Structured Concurrency and Swift,https://medium.com/swift-algorithms-data-structures/understanding-structured-concurrency-and-swift-84617de8fc6c?source=rss-------8-----------------ios_development
Medium,iOS Dev,What’s new in Swift,https://medium.com/@jjuou2/whats-new-in-swift-a4db033904bf?source=rss-------8-----------------ios_development
Medium,iOS Dev,SKWarpGeometry in SpriteKit With SwiftUI,https://betterprogramming.pub/skwarpgeometry-in-spritekit-with-swiftui-3b90dda1f6ff?source=rss-------8-----------------ios_development
Medium,iOS Dev,Implement a Service-Oriented Architecture in Swift 5,https://stevenpcurtis.medium.com/implement-a-service-oriented-architecture-in-swift-5-3601d928e757?source=rss-------8-----------------ios_development
Medium,Javascript,2-Minute Setup for Authentication in a React App using AWS Amplify,https://javascript.plainenglish.io/2-minute-setup-for-authentication-in-a-react-app-using-aws-amplify-59e2824631b1?source=rss-------8-----------------javascript
Medium,Javascript,What is faster — Tomcat or Node.js with Express?,https://marian-caikovski.medium.com/what-is-faster-tomcat-or-node-js-with-express-602a829b49b6?source=rss-------8-----------------javascript
Medium,Javascript,Deploy your React App for freee!,https://sristi2705.medium.com/deploy-your-react-app-for-freee-1d6062574831?source=rss-------8-----------------javascript
Medium,Javascript,Cloning the Instagram Search Field,https://garrett-bodley.medium.com/cloning-the-instagram-search-field-d3bc6ba4643?source=rss-------8-----------------javascript
Medium,Javascript,A Guide to the 20 Best VSCode Extensions for Frontend Developers,https://javascript.plainenglish.io/a-guide-to-the-20-best-vscode-extensions-for-frontend-developers-f75a5d716091?source=rss-------8-----------------javascript
Medium,Javascript,Enough! Why it’s Time to Rip-out Angular,https://medium.com/nerd-for-tech/enough-why-its-time-to-rip-out-angular-7d831802c8a2?source=rss-------8-----------------javascript
Medium,Javascript,6 Steps to add Camera Module in React Native,https://shreyvijayvargiya26.medium.com/6-steps-to-add-camera-module-in-react-native-d0ec9d1eb38b?source=rss-------8-----------------javascript
Medium,Javascript,The Ultimate Guide to Browser-Side Storage,https://medium.com/stackanatomy/the-ultimate-guide-to-browser-side-storage-84bedc1d97e5?source=rss-------8-----------------javascript
Medium,Javascript,Synchronous Script Loading with JavaScript,https://mayank-gupta-6-88.medium.com/synchronous-script-loading-with-javascript-531b7c44f9a7?source=rss-------8-----------------javascript
Medium,Javascript,OWASP Top 10- Insecure Deserialization: Case Study,https://medium.com/nerd-for-tech/owasp-top-10-insecure-deserialization-case-study-6744abb61a87?source=rss-------8-----------------javascript
Medium,Machine Learning,Will AutoML Kill Jobs of Data Scientist?,https://gunjangohain.medium.com/what-is-automl-2e29b5364784?source=rss-------8-----------------machine_learning
Medium,Machine Learning,Evolution Of Natural Language Processing(NLP),https://deva-macha.medium.com/evolution-of-natural-language-processing-nlp-ac941b6523e9?source=rss-------8-----------------machine_learning
Medium,Machine Learning,"Extrapolation is tough for trees (tree-based learners), combining learners of different type makes…",https://opengeohub.medium.com/extrapolation-is-tough-for-trees-tree-based-learners-combining-learners-of-different-type-makes-659187a6f58d?source=rss-------8-----------------machine_learning
Medium,Machine Learning,Anomaly Detection,https://medium.com/geekculture/anomaly-detection-55cd6cb066d5?source=rss-------8-----------------machine_learning
Medium,Machine Learning,Regex essential for NLP,https://towardsdatascience.com/regex-essential-for-nlp-ee0336ef988d?source=rss-------8-----------------machine_learning
Medium,Machine Learning,Deploying a Machine Learning Model as an API on Red Hat OpenShift Container Platform,https://towardsdatascience.com/deploying-a-machine-learning-model-as-an-api-on-red-hat-openshift-container-platform-5f6553647917?source=rss-------8-----------------machine_learning
Medium,Machine Learning,Topical affinity across Family Violence policies and communication platforms,https://arezou-soltani.medium.com/topical-affinity-across-family-violence-policies-and-communication-platforms-5ec77022f0e5?source=rss-------8-----------------machine_learning
Medium,Machine Learning,Plant stress: what is it and how to detect it. Part 2,https://soilmate.medium.com/plant-stress-what-is-it-and-how-to-detect-it-part-2-a067740b86d2?source=rss-------8-----------------machine_learning
Medium,Machine Learning,Peering into neural nets for AI safety,https://towardsdatascience.com/peering-into-neural-nets-for-ai-safety-f91c4f1fcc9f?source=rss-------8-----------------machine_learning
Medium,Machine Learning,Let’s Start a Music Production House,https://towardsdatascience.com/lets-start-a-music-production-house-ccd2655984f9?source=rss-------8-----------------machine_learning
Medium,Programming,The SwiftUI Equivalents to UICollectionView,https://betterprogramming.pub/the-swiftui-equivalents-to-uicollectionview-60415e3c1bbe?source=rss-------8-----------------programming
Medium,Programming,Mobile App Automation: Running Dream11 Seamlessly On iOS & Android,https://blog.dream11engineering.com/mobile-app-automation-running-dream11-seamlessly-on-ios-android-56c9b5be7ea7?source=rss-------8-----------------programming
Medium,Programming,11 Benefits of Working From Home Nobody Talks About,https://betterprogramming.pub/11-benefits-of-working-from-home-nobody-talks-about-fb0e6d0f1a7b?source=rss-------8-----------------programming
Medium,Programming,Why We Chose Typescript & The Advantages of Generics,https://medium.com/unibuddy-technology-blog/why-we-chose-typescript-the-advantages-of-generics-fdf2ddc8ea24?source=rss-------8-----------------programming
Medium,Programming,The Flutter State Management Secret,https://fredgrott.medium.com/the-flutter-state-management-secret-653f0fe75eb3?source=rss-------8-----------------programming
Medium,Programming,How To Dockerize an Existing Ruby on Rails Application,https://towardsdatascience.com/how-to-dockerize-an-existing-ruby-on-rails-application-3eb6d16ec392?source=rss-------8-----------------programming
Medium,Programming,"FLOW CONTROL, PYTHON",https://monicaoduor.medium.com/flow-control-python-e7ddfbda9cf1?source=rss-------8-----------------programming
Medium,Programming,Cloning the Instagram Search Field,https://garrett-bodley.medium.com/cloning-the-instagram-search-field-d3bc6ba4643?source=rss-------8-----------------programming
Medium,Programming,Deploying a Node.js with RDS Web Application on AWS ECS Fargate,https://faiqahsan.medium.com/deploying-a-node-js-application-express-aws-rds-on-aws-ecs-fargate-85ff4538859f?source=rss-------8-----------------programming
Medium,Programming,Solutions for Geeksforgeeks interview coding question — Arrays Part 1,https://medium.com/@aishwarya1712/solutions-for-geeksforgeeks-interview-coding-question-ee094a1d4a56?source=rss-------8-----------------programming
Medium,Software Engineering,The 7 Challenges of Smart Developers,https://betterprogramming.pub/the-7-challenges-of-smart-developers-ea05d591d4b3?source=rss-------8-----------------software_engineering
Medium,Software Engineering,The Release Formula: R = ΔF + ΔNF + ΔQ,https://lucasjellema.medium.com/the-release-formula-r-%CE%B4f-%CE%B4nf-%CE%B4q-edad6cd48db3?source=rss-------8-----------------software_engineering
Medium,Software Engineering,Elasticsearch Indexing Strategy in Asset Management Platform (AMP),https://netflixtechblog.medium.com/elasticsearch-indexing-strategy-in-asset-management-platform-amp-99332231e541?source=rss-------8-----------------software_engineering
Medium,Software Engineering,The Ultimate Guide to Browser-Side Storage,https://medium.com/stackanatomy/the-ultimate-guide-to-browser-side-storage-84bedc1d97e5?source=rss-------8-----------------software_engineering
Medium,Software Engineering,Agile manifesto is long gone! We need a product manifesto!,https://bootcamp.uxdesign.cc/agile-manifesto-is-long-gone-we-need-a-product-manifesto-aec90699ee4e?source=rss-------8-----------------software_engineering
Medium,Software Engineering,Should You Be Breaking Things To Move,https://brett-j-fox.medium.com/should-you-be-breaking-things-to-move-1b2fd360e7df?source=rss-------8-----------------software_engineering
Medium,Software Engineering,Building a Chat backend application inside a large scale ecosystem,https://engineering.be.com.vn/building-a-chat-backend-application-inside-a-large-scale-ecosystem-ab15618a7d6e?source=rss-------8-----------------software_engineering
Medium,Software Engineering,Software Architecture for Scale-ups,https://blog.picnic.nl/software-architecture-for-scale-ups-9c11cb6e1c7e?source=rss-------8-----------------software_engineering
Medium,Software Engineering,Moving From Engineering to Data: The Complete Guide to Career Change,https://ezzeddinabdullah.medium.com/moving-from-engineering-to-data-the-complete-guide-to-career-change-6d1c6d9c831c?source=rss-------8-----------------software_engineering
Medium,Software Engineering,Mitigating limited upload capacity with GraphQL query caching,https://tech.devoted.com/mitigating-limited-upload-capacity-with-graphql-query-caching-f738ba57eef1?source=rss-------8-----------------software_engineering
Medium,Artificial Intelligence,Peering into neural nets for AI safety,https://towardsdatascience.com/peering-into-neural-nets-for-ai-safety-f91c4f1fcc9f?source=rss-------8-----------------artificial_intelligence
Medium,Artificial Intelligence,Guide to Machine Learning,https://vishnu-dev.medium.com/guide-to-machine-learning-2ae9349e798b?source=rss-------8-----------------artificial_intelligence
Medium,Artificial Intelligence,How Can We Be Responsible For The Future Of AI?,https://medium.com/swlh/are-we-responsible-for-the-future-3206b6fa68b2?source=rss-------8-----------------artificial_intelligence
Medium,Artificial Intelligence,A new dawn for enterprise automation — from long-term strategy to an operational imperative,https://medium.com/dataseries/a-new-dawn-for-enterprise-automation-from-long-term-strategy-to-an-operational-imperative-5346c8d348a2?source=rss-------8-----------------artificial_intelligence
Medium,Artificial Intelligence,Would You Trust an Algorithm to Choose Your Next Vacation Destination?,https://towardsdatascience.com/would-you-trust-an-algorithm-to-choose-your-next-vacation-destination-447ae3877730?source=rss-------8-----------------artificial_intelligence
Medium,Artificial Intelligence,Artificial Intelligence Has an Enormous Carbon Footprint,https://towardsdatascience.com/artificial-intelligence-has-an-enormous-carbon-footprint-239290ebffe?source=rss-------8-----------------artificial_intelligence
Medium,Artificial Intelligence,What to expect from doing Kaggle competitions for a year,https://towardsdatascience.com/what-to-expect-from-doing-kaggle-competitions-for-a-year-405836191705?source=rss-------8-----------------artificial_intelligence
Medium,Artificial Intelligence,Introduction to Autonomous Driving in 2021,https://towardsdatascience.com/introduction-to-autonomous-driving-in-2021-7e0281c0d929?source=rss-------8-----------------artificial_intelligence
Medium,Artificial Intelligence,How AI Is Helping Industries to Predict Your Buying Behaviour,https://towardsdatascience.com/how-ai-is-helping-industries-to-predict-your-buying-behaviour-18d3ded800c9?source=rss-------8-----------------artificial_intelligence
Medium,Artificial Intelligence,AI for Good: Preventing Road Crashes and Saving Lives,https://medium.com/omdena/ai-for-good-preventing-road-crashes-and-saving-lives-161c1472c687?source=rss-------8-----------------artificial_intelligence
Medium,Cybersecurity,OWASP Top 10- Cross Site scripting: Case Study,https://medium.com/geekculture/owasp-top-10-cross-site-scripting-case-study-9070158f9089?source=rss-------8-----------------cybersecurity
Medium,Cybersecurity,Risky Business: The Tradeoff Between Security and Convenience,https://medium.com/enterprise-nxt/risk-security-cybersecurity-transparency-1dbce0b6c9ca?source=rss-------8-----------------cybersecurity
Medium,Cybersecurity,Web Vulnerabilities: Part 3 — PHP,https://medium.owaspvit.com/web-vulnerabilities-part-3-php-de3806462c94?source=rss-------8-----------------cybersecurity
Medium,Cybersecurity,OWASP Top 10- Broken Access Control: Case Study,https://mrinalprakash4577.medium.com/owasp-top-10-broken-access-control-case-study-1d4aca44e360?source=rss-------8-----------------cybersecurity
Medium,Cybersecurity,Bank of Japan CBDC Forum,https://medium.com/tokyo-fintech/bank-of-japan-cbdc-forum-77cf36a1b1a?source=rss-------8-----------------cybersecurity
Medium,Cybersecurity,Accommodation Scams: How to Protect Yourself,https://medium.com/crestwave-frontier/accommodation-scams-how-to-protect-yourself-be2f23eda3ad?source=rss-------8-----------------cybersecurity
Medium,Cybersecurity,FCL Listing Celebration,https://medium.com/frctls/fcl-listing-celebration-a5072040d5a7?source=rss-------8-----------------cybersecurity
Medium,Cybersecurity,"RSA Signatures, Python and Hazmat",https://medium.com/asecuritysite-when-bob-met-alice/rsa-signatures-python-and-hazmat-f792334e19d1?source=rss-------8-----------------cybersecurity
Medium,Cybersecurity,Everyone Should Implement Digital Compartmentalization,https://adelene.medium.com/everyone-should-implement-digital-compartmentalization-e1cc45395db2?source=rss-------8-----------------cybersecurity
Medium,Cybersecurity,Privacy concerns in Autonomous Vehicles,https://medium.com/geekculture/privacy-concerns-in-autonomous-vehicles-e7bc38aca9f2?source=rss-------8-----------------cybersecurity
Medium,Technology,Facebook Users Said No to Tracking. Now Advertisers are Panicking,https://medium.com/bloomberg/facebook-users-said-no-to-tracking-now-advertisers-are-panicking-81167b764f6a?source=rss-------8-----------------technology
Medium,Technology,Everyone In Canada Needs to Change Their Wireless Carrier,https://medium.com/pcmag-access/everyone-in-canada-needs-to-change-their-wireless-carrier-7a03c46291dd?source=rss-------8-----------------technology
Medium,Technology,"Apple’s New MagSafe Battery Pack Isn’t Pretty, But I Bet You’ll Want It",https://debugger.medium.com/apples-new-magsafe-battery-pack-isn-t-pretty-but-i-bet-you-ll-want-it-9f8370f48cd1?source=rss-------8-----------------technology
Medium,Technology,The Hidden ‘Black Widow’,https://500ish.com/the-hidden-black-widow-5016822a84f4?source=rss-------8-----------------technology
Medium,Technology,How Can We Be Responsible For The Future Of AI?,https://medium.com/swlh/are-we-responsible-for-the-future-3206b6fa68b2?source=rss-------8-----------------technology
Medium,Technology,Don’t Upload that Selfie,https://medium.com/predict/dont-upload-that-selfie-34f1c50a270a?source=rss-------8-----------------technology
Medium,Technology,The Consequences of Giving a Machine a Human Name,https://olapejuhkazeem.medium.com/the-consequences-of-giving-a-machine-a-human-name-13d09d411085?source=rss-------8-----------------technology
Medium,Technology,Consumer Protection On Smartphone,https://haekal-nashville.medium.com/consumer-protection-on-smartphone-56cf6d705b9e?source=rss-------8-----------------technology
Medium,Technology,How Much Does It Cost To Create A Face Filter App?,https://javascript.plainenglish.io/how-much-does-it-cost-to-create-a-face-filter-app-d8105e59e1ed?source=rss-------8-----------------technology
Medium,Technology,Artificial Intelligence Has an Enormous Carbon Footprint,https://towardsdatascience.com/artificial-intelligence-has-an-enormous-carbon-footprint-239290ebffe?source=rss-------8-----------------technology
