Byteiota,Computer Vision,Train An Object Detection Model using Tensorflow on Colab,https://byteiota.com/object-detection-tensorflow/
Byteiota,Machine Learning,"Face Recognition using Python, OpenCV and One-Shot Learning",https://byteiota.com/face-recognition/
Byteiota,Machine Learning,Train An Object Detection Model using Tensorflow on Colab,https://byteiota.com/object-detection-tensorflow/
Byteiota,CSS,CSS Flexbox: Flex-Item,https://byteiota.com/flexbox-items/
Byteiota,CSS,A Complete Introduction to CSS Flexbox – Flex Container,https://byteiota.com/flexbox-conatiner/
Byteiota,Web Development,CSS Flexbox: Flex-Item,https://byteiota.com/flexbox-items/
Byteiota,Web Development,A Complete Introduction to CSS Flexbox – Flex Container,https://byteiota.com/flexbox-conatiner/
BBC,Education Health,Would universities call parents in a mental health crisis?,https://www.bbc.co.uk/news/education-56763189
BBC,Education Health,Covid: Students call for day of action over fees,https://www.bbc.co.uk/news/uk-england-bristol-56738342
BBC,Education Health,Covid: Colleges face losing tens of millions of pounds,https://www.bbc.co.uk/news/education-56751302
BBC,Education Health,Students feel like an 'afterthought' after university return date,https://www.bbc.co.uk/news/newsbeat-56727151
BBC,Education Health,Puberty blockers: NHS to set up independent review group,https://www.bbc.co.uk/news/uk-56764393
BBC,Education Health,LGBT homelessness: 'I had to pretend to be straight',https://www.bbc.co.uk/news/uk-56718978
BBC,Education Health,Students returning to university in England from 17 May,https://www.bbc.co.uk/news/education-56731330
BBC,Education Health,Cressida Cowell: Children's Laureate leads call for £100m primary school library fund,https://www.bbc.co.uk/news/entertainment-arts-56716445
BBC,Education Health,All N. Ireland year groups return to school,https://www.bbc.co.uk/news/uk-northern-ireland-56690113
BBC,Education Health,Breastfeeding mother appeals over jury service ,https://www.bbc.co.uk/news/uk-england-hampshire-56716909
BBC,Education Health,Liverpool teacher banned over 'extensive' coursework changes,https://www.bbc.co.uk/news/uk-england-merseyside-56689493
BBC,Education Health,Pupils begin full time return in Scotland,https://www.bbc.co.uk/news/uk-scotland-56705206
BBC,Education Health,Where are Britain's loneliest places in lockdown?,https://www.bbc.co.uk/news/education-56664180
BBC,Education Health,Ofsted to visit English schools where sexual abuse was reported,https://www.bbc.co.uk/news/education-56667490
BBC,Education Health,Back to school: How pupils feel about returning to class,https://www.bbc.co.uk/news/uk-england-suffolk-56321188
BBC,Education Health,Back to school: 'I'm ready for a coffee in peace',https://www.bbc.co.uk/news/education-56282879
BBC,Education Health,Topshop: What happened after the shutters closed?,https://www.bbc.co.uk/news/uk-56204469
BBC,Education Health,University watchdog faces 'impartiality' questions,https://www.bbc.co.uk/news/education-56030674
BBC,Education Health,Pupils both relieved and upset as GCSEs and A-levels cancelled,https://www.bbc.co.uk/news/uk-england-beds-bucks-herts-56200037
BBC,Education Health,Covid tests and masks: School prepares for return to class,https://www.bbc.co.uk/news/education-56169407
BBC,Education Health,Coronavirus testing: How to do a lateral flow test at home,https://www.bbc.co.uk/news/health-56326456
BBC,Education Health,"Longer school day, shorter summer holiday?",https://www.bbc.co.uk/news/uk-56311723
BBC,Education Health,School 'feels alive' after children's return,https://www.bbc.co.uk/news/education-56375885
BBC,Education Health,"First day back at school has 'gone well', say heads",https://www.bbc.co.uk/news/education-56293639
BBC,Education Health,How could children make up for lost school time?,https://www.bbc.co.uk/news/explainers-55938837
BBC,Education Health,Covid: Parents worry about lost learning as schools reopen,https://www.bbc.co.uk/news/education-56292525
BBC,Education Health,"Parents not giving Covid test consent, warn heads",https://www.bbc.co.uk/news/education-56297590
BBC,Education Health,Coronavirus: Should university students get a refund?,https://www.bbc.co.uk/news/education-56083667
BBC,Education Health,Turing Scheme: What is the Erasmus replacement?,https://www.bbc.co.uk/news/education-47293927
BBC,Education Health,A-level and GCSE results to be decided by teachers,https://www.bbc.co.uk/news/education-56157413
BBC,Education Health,Exam cancellations: 'Has all my work gone down the drain?',https://www.bbc.co.uk/news/uk-england-wiltshire-55548619
BBC,Education Health,Coronavirus: The story of the big U-turn of the summer,https://www.bbc.co.uk/news/education-54103612
BBC,Science Environment,Nasa chooses SpaceX to build Moon lander,https://www.bbc.co.uk/news/science-environment-56781556
BBC,Science Environment,Human cells grown in monkey embryos spark ethical debate,https://www.bbc.co.uk/news/science-environment-56767517
BBC,Science Environment,'Whitest ever' paint reflects 98% of sunlight,https://www.bbc.co.uk/news/science-environment-56749105
BBC,Science Environment,Google Earth time-lapses show a changing planet,https://www.bbc.co.uk/news/technology-56762732
BBC,Science Environment,"China 'can save $1.6 trillion by scrapping coal', report says",https://www.bbc.co.uk/news/science-environment-56761344
BBC,Science Environment,Sir David Attenborough's new doc: 'Humans are intruders',https://www.bbc.co.uk/news/science-environment-56752541
BBC,Science Environment,COP26: Delaying key climate meeting preferable to 'messing it up',https://www.bbc.co.uk/news/science-environment-56738328
BBC,Science Environment,US envoy John Kerry woos China over climate,https://www.bbc.co.uk/news/science-environment-56739896
BBC,Science Environment,UK woodlands 'at crisis point' amid wildlife decline,https://www.bbc.co.uk/news/science-environment-56738428
BBC,Science Environment,St Vincent volcano: Island covered in layer of grey as La Soufriere erupts,https://www.bbc.co.uk/news/world-latin-america-56746228
BBC,Science Environment,World's wealthiest 'at heart of climate problem',https://www.bbc.co.uk/news/science-environment-56723560
BBC,Science Environment,Fukushima: Japan approves releasing wastewater into ocean,https://www.bbc.co.uk/news/world-asia-56728068
BBC,Science Environment,Saving the kelp forest that stars in My Octopus Teacher,https://www.bbc.co.uk/news/science-environment-56723440
BBC,Science Environment,Why India and Nepal's forest fires are worrying scientists,https://www.bbc.co.uk/news/world-asia-india-56671148
BBC,Science Environment,Is Netflix's Seaspiracy film right about fishing damaging oceans?,https://www.bbc.co.uk/news/56660823
BBC,Science Environment,COP26: Greta Thunberg says Glasgow summit should be postponed,https://www.bbc.co.uk/news/uk-scotland-56686163
BBC,Science Environment,France moves to ban short-haul domestic flights,https://www.bbc.co.uk/news/world-europe-56716708
BBC,Science Environment,City drivers 'should think twice' before buying SUVs,https://www.bbc.co.uk/news/business-56647128
BBC,Science Environment,Deep sea mining to help make electric vehicles,https://www.bbc.co.uk/news/science-environment-56678976
BBC,Science Environment,Yuri Gagarin: Sixty years since the first man went into space,https://www.bbc.co.uk/news/science-environment-56690949
BBC,Science Environment,Dinosaur-killing asteroid strike gave rise to Amazon rainforest,https://www.bbc.co.uk/news/science-environment-56617409
BBC,Science Environment,Long spaceflights and endurance swimming can 'shrink the heart',https://www.bbc.co.uk/news/science-environment-56559494
BBC,Science Environment,Light pollution: How lockdown has darkened our skies,https://www.bbc.co.uk/news/science-environment-56634629
BBC,Science Environment,'Astronauts aren't just men - we're astronauts too',https://www.bbc.co.uk/news/uk-england-leicestershire-56445616
BBC,Science Environment,"Climate Check, from BBC Weather",https://www.bbc.co.uk/weather/features/56724785
BBC,Science Environment,Would you wear 'Iron Man' body armour?,https://www.bbc.co.uk/news/business-56660644
BBC,Science Environment,Muons: 'Strong' evidence found for a new force of nature,https://www.bbc.co.uk/news/56643677
BBC,Science Environment,Rare blood clots - what you need to know,https://www.bbc.co.uk/news/health-56674796
BBC,Science Environment,USS Johnston: Sub dives to deepest-known shipwreck,https://www.bbc.co.uk/news/science-environment-56608713
BBC,Science Environment,Vitamin D: The truth about an alleged Covid ‘cover-up’,https://www.bbc.co.uk/news/health-56180921
BBC,Science Environment,"Science cuts could see experts leave UK, warns Nobel laureate",https://www.bbc.co.uk/news/science-environment-56587811
BBC,Science Environment,Bangladesh at 50: Why climate change could destroy my ancestral home,https://www.bbc.co.uk/news/world-asia-56485667
BBC,Technology,How cancer put me off joining Amazon union,https://www.bbc.co.uk/news/technology-56742772
BBC,Technology,Charles Geschke: Adobe co-founder who helped develop the PDF dies,https://www.bbc.co.uk/news/world-us-canada-56791873
BBC,Technology,Facebook Oversight Board delays decision about Trump's possible return,https://www.bbc.co.uk/news/technology-56781104
BBC,Technology,Ocado in self-driving vans push with £10m stake in Oxbotica,https://www.bbc.co.uk/news/technology-56771536
BBC,Technology,Facebook faces mass legal action over data leak,https://www.bbc.co.uk/news/technology-56772772
BBC,Technology,US imposes sanctions on Russia over cyber-attacks,https://www.bbc.co.uk/news/technology-56755484
BBC,Technology,TB Joshua: YouTube blocks Nigerian preacher over gay cure claim,https://www.bbc.co.uk/news/world-africa-56771246
BBC,Technology,William Amos: Canadian politician seen naked in work Zoom call,https://www.bbc.co.uk/news/world-us-canada-56760714
BBC,Technology,Google Earth time-lapse feature winds clock back 37 years,https://www.bbc.co.uk/news/technology-56760060
BBC,Technology,Facebook urged to scrap Instagram for children plans,https://www.bbc.co.uk/news/technology-56757586
BBC,Technology,Instagram fixes mistake promoting harmful diet content,https://www.bbc.co.uk/news/technology-56750088
BBC,Technology,Virtual musicians play interactive gig and other tech news,https://www.bbc.co.uk/news/technology-56430983
BBC,Technology,Google Earth time-lapses show a changing planet,https://www.bbc.co.uk/news/technology-56762732
BBC,Technology,The homecoming call for Northern Ireland's gaming industry,https://www.bbc.co.uk/news/uk-northern-ireland-56724545
BBC,Technology,Environment takes centre stage at London games festival,https://www.bbc.co.uk/news/technology-56615244
BBC,Technology,Artist will.i.am launches facemask and other tech news,https://www.bbc.co.uk/news/technology-56590609
BBC,Technology,Smaller and better smartphone cameras are on the way,https://www.bbc.co.uk/news/business-56237991
BBC,Technology,Is Alibaba's fate a warning to China’s tech giants?,https://www.bbc.co.uk/news/business-56741551
BBC,Technology,Omegle: 'I'm being used as sex-baiting bot' on video chat site,https://www.bbc.co.uk/news/technology-56668156
BBC,Technology,'I put those goggles on and just fell in love',https://www.bbc.co.uk/news/business-56510653
BBC,Technology,Early access releases: Should we buy video games before they're finished?,https://www.bbc.co.uk/news/newsbeat-56666596
BBC,Technology,The body armour many of us may soon be wearing,https://www.bbc.co.uk/news/business-56660644
Engadget,Engadget,Nintendo sues Bowser for violating copyright with Switch hacks,https://www.engadget.com/nintendo-bowser-lawsuit-switch-hacks-205618404.html
Engadget,Engadget,'Roblox' will use content ratings to help limit access to sexual material,https://www.engadget.com/roblox-content-ratings-system-195640367.html
Engadget,Engadget,NASA will attempt to fly its Mars helicopter on April 19th,https://www.engadget.com/nasa-ingenuity-mars-helicopter-flight-date-184556782.html
Engadget,Engadget,Chrome 90 will let you share links to highlighted text,https://www.engadget.com/chrome-90-copy-link-to-highlighted-text-182527758.html
Engadget,Engadget,Washington state votes to ban new gas car sales by 2030,https://www.engadget.com/washington-state-gas-car-sales-ban-2030-175652987.html
Engadget,Engadget,Peloton opposes US demand for Tread+ recall following child injuries,https://www.engadget.com/peloton-fights-cpsc-tread-plus-recall-153049822.html
Engadget,Engadget,Hitting the Books: How Planck's 'chain of tiny beads' helps explain why lightbulbs work,https://www.engadget.com/hitting-the-books-einsteins-fridge-by-paul-sen-simon-and-schuster-153000461.html
Engadget,Engadget,Studio SWEAT delivers a gym experience to your home for $99,https://www.engadget.com/studio-sweat-145523793.html
Engadget,Engadget,iRobot's Roomba i7+ with clean base is $200 off at Wellbots,https://www.engadget.com/irobot-roomba-i7-plus-clean-base-i9-plus-sale-wellbots-130044371.html
Engadget,Engadget,The Morning After: SpaceX's Starship secures a lunar lander deal with NASA,https://www.engadget.com/nasa-artemis-spacex-tma-125130303.html
Engadget,Engadget,Edward Snowden's NFT sold for $5.5 million at auction for charity,https://www.engadget.com/edward-snowden-nft-sold-for-55-million-080508241.html
Engadget,Engadget,"Ingenuity Mars Helicopter completes a 'spin test,' moves closer to flight",https://www.engadget.com/nasa-mars-flight-test-030634860.html
Engadget,Engadget,Acclaimed 'Skyrim' mod 'The Forgotten City' hits consoles and PC this summer,https://www.engadget.com/skyrim-mod-forgotten-city-console-pc-release-date-011148425.html
Engadget,Engadget,"Yes, Twitter was down -- at least on the East Coast (updated)",https://www.engadget.com/twitter-outage-002343449.html
Engadget,Engadget,Valve Anti-Cheat’s permanent bans no longer apply to Valve events,https://www.engadget.com/valve-anti-cheat-esports-change-213332601.html
Engadget,Engadget,Amazon delivery drivers may soon assemble furniture and install appliances,https://www.engadget.com/amazon-delivery-installation-report-202738704.html
Engadget,Engadget,Facebook's 'Supreme Court' is about to face its first big test,https://www.engadget.com/facebook-oversight-board-explained-200011638.html
Engadget,Engadget,SpaceX wins NASA's Artemis lunar lander contract,https://www.engadget.com/spacex-nasa-artemis-lunar-lander-contract-report-184448656.html
Engadget,Engadget,Lego hints at an upcoming Luigi-themed set with a clever update,https://www.engadget.com/lego-super-mario-luigi-firmware-update-182847955.html
Engadget,Engadget,Facebook’s Oversight Board has delayed its decision on Trump’s suspension,https://www.engadget.com/facebook-oversight-board-donald-trump-decision-delayed-173841306.html
Engadget,Engadget,"Apple Music pays a penny per stream, double Spotify's rate",https://www.engadget.com/apple-music-streaming-payment-rate-spotify-162320807.html
Engadget,Engadget,This week's best deals: $20 off Google's Nest Audio and more,https://www.engadget.com/weekly-tech-deals-google-nest-audio-apple-airpods-pro-153028060.html
Engadget,Engadget,Fitbit is reportedly working on a 'luxury' fitness tracker,https://www.engadget.com/fitbit-luxe-fitness-tracker-leak-151236695.html
Engadget,Engadget,ASUS Zephyrus G15 review (2021): All the gaming laptop you need,https://www.engadget.com/asus-zephyrus-g-15-review-2021-gaming-laptop-150044817.html
Engadget,Engadget,Livestorm is the Zoom alternative you didn’t know you needed,https://www.engadget.com/livestorm-145559502.html
Medium,Android Dev,Creating an Excel in Android.,https://ranitrajganguly.medium.com/creating-an-excel-in-android-cd9c22198619?source=rss-------8-----------------android_development
Medium,Android Dev,Create Custom Dialogs With DialogFragment in Android,https://medium.com/codex/create-custom-dialogs-with-dialogfragment-in-android-5cf39c5ccb72?source=rss-------8-----------------android_development
Medium,Android Dev,Retrofit With MVVM And Repository Pattern.,https://harshitabambure.medium.com/retrofit-with-mvvm-and-repository-pattern-b59f45d6d479?source=rss-------8-----------------android_development
Medium,Android Dev,How I Learned to Stop Worrying and Love the ViewModel,https://medium.com/quark-works/how-i-learned-to-stop-worrying-and-love-the-viewmodel-78c88c79a791?source=rss-------8-----------------android_development
Medium,Android Dev,Android WebView in Kotlin for absolute beginners,https://ajaelu-crystal.medium.com/android-webview-in-kotlin-for-absolute-beginners-9cd30453f534?source=rss-------8-----------------android_development
Medium,Android Dev,Jetpack Compose working with rotation animation,https://nascimpact.medium.com/jetpack-compose-working-with-rotation-animation-aeddc5899b28?source=rss-------8-----------------android_development
Medium,Android Dev,Android Data Binding-How to use it with <include> tag using live data and view model,https://bhagyashripatil.medium.com/android-data-binding-how-to-use-it-with-include-tag-using-live-data-and-view-model-debc383d0e98?source=rss-------8-----------------android_development
Medium,Android Dev,Writing An Integration Test With Jetpack Compose and Dagger Hilt,https://michelonwordi.medium.com/writing-an-integration-test-with-jetpack-compose-and-dagger-hilt-8ef888c1a23d?source=rss-------8-----------------android_development
Medium,Android Dev,Android Bottom Sheet —  How to use it in practice,https://medium.com/codex/android-bottom-sheet-how-to-use-it-in-practice-c1e8f110d624?source=rss-------8-----------------android_development
Medium,Android Dev,Flutter Background Coolness,https://fredgrott.medium.com/flutter-background-coolness-5bfbc6e6ebda?source=rss-------8-----------------android_development
Medium,Data Science,Data Visualization — Pokémon Dataset,https://medium.com/analytics-vidhya/data-visualization-pok%C3%A9mon-dataset-48e57690830d?source=rss-------8-----------------data_science
Medium,Data Science,How to Price Kentucky Derby Exactas,https://microprediction.medium.com/how-to-price-kentucky-derby-exactas-b3c5993a0cd?source=rss-------8-----------------data_science
Medium,Data Science,Getting good at geolocation with GeoGuessr — Top tips,https://tompatrickjarvis.medium.com/getting-good-at-geolocation-with-geoguessr-top-tips-27c0593ef45?source=rss-------8-----------------data_science
Medium,Data Science,A complete guide to linear regression using gene expression data: regularization,https://medium.com/leukemiaairesearch/a-complete-guide-to-linear-regression-using-gene-expression-data-regularization-f980ba6b11f7?source=rss-------8-----------------data_science
Medium,Data Science,Moving in to Lisbon,https://marleybacelar.medium.com/moving-in-to-lisbon-aed4957b7f90?source=rss-------8-----------------data_science
Medium,Data Science,Introduction to the Structural Topic Model (STM),https://towardsdatascience.com/introduction-to-the-structural-topic-model-stm-34ec4bd5383?source=rss-------8-----------------data_science
Medium,Data Science,The Explosion of Roles in Data Science,https://towardsdatascience.com/the-explosion-of-roles-in-data-science-5963aa83e1c?source=rss-------8-----------------data_science
Medium,Data Science,How I switched from Data Analyst to Data Scientist,https://preettheman.medium.com/how-i-switched-from-data-analyst-to-data-scientist-4032b1e44309?source=rss-------8-----------------data_science
Medium,Data Science,Correlation,https://thisisanhle.medium.com/correlation-bd306236811c?source=rss-------8-----------------data_science
Medium,Data Science,The best free data visualization tools,https://preettheman.medium.com/the-best-free-data-visualization-tools-52d5097dedad?source=rss-------8-----------------data_science
Medium,iOS Dev,Lottie animations in SwiftUI,https://medium.com/dev-genius/lottie-animations-in-swiftui-9bf22dd36786?source=rss-------8-----------------ios_development
Medium,iOS Dev,iOS Developer Starter Pack,https://medium.com/swift-blondie/ios-developer-starter-pack-384a27adaf4c?source=rss-------8-----------------ios_development
Medium,iOS Dev,Slim UIViewController - break into multiple UIView components,https://brontoxx.medium.com/slim-uiviewcontroller-break-into-multiple-uiview-components-78d7a67d7468?source=rss-------8-----------------ios_development
Medium,iOS Dev,POP UITableView,https://forinterestingwork.medium.com/pop-uitableview-31ab0996b156?source=rss-------8-----------------ios_development
Medium,iOS Dev,iOS UIPageViewController — Easy!!!,https://myrickchow.medium.com/ios-uipageviewcontroller-easy-dd559c51ffa?source=rss-------8-----------------ios_development
Medium,iOS Dev,SwiftUI animation sequence,https://medium.com/nerd-for-tech/swiftui-animation-sequence-7a0cf364773a?source=rss-------8-----------------ios_development
Medium,iOS Dev,A Deep Dive Into Widget Testing in Flutter : Part II (Finder and WidgetTester),https://medium.com/flutter-community/a-deep-dive-into-widget-testing-in-flutter-part-ii-finder-and-widgettester-f76f98b87a90?source=rss-------8-----------------ios_development
Medium,iOS Dev,How we reduced Pinterest’s iOS app size by 30+% / 50MB,https://medium.com/pinterest-engineering/how-we-reduced-pinterests-ios-app-size-by-30-50mb-68d7f8425882?source=rss-------8-----------------ios_development
Medium,iOS Dev,First steps with UITableViewDiffableDataSource — Part 2,https://medium.com/my-ios-studies-en/first-steps-with-uitableviewdiffabledatasource-part-2-d870b9f427bf?source=rss-------8-----------------ios_development
Medium,iOS Dev,iOS: How to unit test Core Data?,https://medium.com/tiendeo-tech/ios-how-to-unit-test-core-data-eb4a754f2603?source=rss-------8-----------------ios_development
Medium,Javascript,React components as TypeScript generic functions,https://david-gilbertson.medium.com/react-components-as-typescript-generic-functions-8aa83afff597?source=rss-------8-----------------javascript
Medium,Javascript,How to Easily Detect the User Browser in React,https://medium.com/dev-genius/how-to-easily-detect-the-user-browser-in-react-b4cd0290f257?source=rss-------8-----------------javascript
Medium,Javascript,Fixing Re-Renders When Using Context in React,https://kattyacuevas.medium.com/fixing-re-renders-when-using-context-in-react-a6ac11dee0d4?source=rss-------8-----------------javascript
Medium,Javascript,"Laravel — React Fullstack Application with Passport, Redux and Material UI (Backend)",https://medium.com/technology-hits/laravel-react-fullstack-application-with-passport-redux-and-material-ui-backend-1c4b38b08b01?source=rss-------8-----------------javascript
Medium,Javascript,How to use Optional Chaining and Nullish Coalescing with TypeScript and React,https://javascript.plainenglish.io/how-to-use-optional-chaining-and-nullish-coalescing-with-typescript-and-react-1d43d0cf9c34?source=rss-------8-----------------javascript
Medium,Javascript,Import a File as a Raw String in Gatsby or React,https://javascript.plainenglish.io/import-a-file-as-a-raw-string-in-gatsby-or-react-c788d7273bcb?source=rss-------8-----------------javascript
Medium,Javascript,Create an Image Modal with React and JavaScript,https://javascript.plainenglish.io/create-an-image-modal-with-react-and-javascript-32e1038e0b8?source=rss-------8-----------------javascript
Medium,Javascript,Getting Started with Developing Vue Apps with Class-Based Components,https://javascript.plainenglish.io/getting-started-with-developing-vue-apps-with-class-based-components-36b6e865eaca?source=rss-------8-----------------javascript
Medium,Javascript,JWT Authentication & Authorization With .NET Core & Angular,https://vaibhavbhapkarblogs.medium.com/jwt-authentication-authorization-with-net-core-angular-7dc1350c2051?source=rss-------8-----------------javascript
Medium,Javascript,Using Redis with Docker and NodeJS/Express,https://iakhilesh.medium.com/using-redis-with-docker-and-nodejs-express-71dccd495fd3?source=rss-------8-----------------javascript
Medium,Machine Learning,Review — PAN: Pyramid Attention Network for Semantic Segmentation (Semantic Segmentation),https://sh-tsang.medium.com/review-pan-pyramid-attention-network-for-semantic-segmentation-semantic-segmentation-8d94101ba24a?source=rss-------8-----------------machine_learning
Medium,Machine Learning,Boosting Image Captioning Model Performance,https://medium.com/analytics-vidhya/boosting-image-captioning-model-performance-df57132cad05?source=rss-------8-----------------machine_learning
Medium,Machine Learning,Classifying Clothing Categories using Deep Neural Network,https://medium.com/analytics-vidhya/classifying-clothing-categories-using-deep-neural-network-4594ad45ff36?source=rss-------8-----------------machine_learning
Medium,Machine Learning,Estimate depth in RGB images.,https://farmaker47.medium.com/estimate-depth-in-rgb-images-d1ef26064787?source=rss-------8-----------------machine_learning
Medium,Machine Learning,A complete guide to linear regression using gene expression data: regularization,https://medium.com/leukemiaairesearch/a-complete-guide-to-linear-regression-using-gene-expression-data-regularization-f980ba6b11f7?source=rss-------8-----------------machine_learning
Medium,Machine Learning,Understanding the Perceptron Algorithm,https://medium.com/analytics-vidhya/understanding-the-perceptron-algorithm-4a368f493109?source=rss-------8-----------------machine_learning
Medium,Machine Learning,[Paper] Adafactor: Adaptive Learning Rates with Sublinear Memory Cost,https://medium.com/the-artificial-impostor/paper-adafactor-adaptive-learning-rates-with-sublinear-memory-cost-a543abffa37?source=rss-------8-----------------machine_learning
Medium,Machine Learning,Introduction to the Structural Topic Model (STM),https://towardsdatascience.com/introduction-to-the-structural-topic-model-stm-34ec4bd5383?source=rss-------8-----------------machine_learning
Medium,Machine Learning,Dog Breed Classifier — Udacity,https://felipeagarcia.medium.com/dog-breed-classifier-udacity-4e410e32a94?source=rss-------8-----------------machine_learning
Medium,Machine Learning,Leveraging Geolocation Data for Machine Learning: Essential Techniques,https://towardsdatascience.com/leveraging-geolocation-data-for-machine-learning-essential-techniques-192ce3a969bc?source=rss-------8-----------------machine_learning
Medium,Programming,Internals of Go Channels,https://shubhagr.medium.com/internals-of-go-channels-cf5eb15858fc?source=rss-------8-----------------programming
Medium,Programming,Testing Approach for Augmented/Virtual Reality Products,https://prashant-kumar.medium.com/testing-approach-for-augmented-virtual-reality-products-d7d11746c405?source=rss-------8-----------------programming
Medium,Programming,Create Your Own Dice Roller with Python,https://python.plainenglish.io/create-your-own-dice-roller-with-python-40d65c16eb84?source=rss-------8-----------------programming
Medium,Programming,What the async keyword actually does,https://stefansch.medium.com/what-the-async-keyword-actually-does-bb10d54ce31c?source=rss-------8-----------------programming
Medium,Programming,Making things go bump in the night,https://gamedevchris.medium.com/making-things-go-bump-in-the-night-cb578ff52ec6?source=rss-------8-----------------programming
Medium,Programming,Game On!,https://gamedevchris.medium.com/game-on-20cc31796358?source=rss-------8-----------------programming
Medium,Programming,A Tidy House is a Happy House….,https://gamedevchris.medium.com/a-tidy-house-is-a-happy-house-7c7e60b23abb?source=rss-------8-----------------programming
Medium,Programming,Let’s slow it down now…,https://gamedevchris.medium.com/lets-slow-it-down-now-889b795f10f1?source=rss-------8-----------------programming
Medium,Programming,Now hold on a second!,https://gamedevchris.medium.com/now-hold-on-a-second-8ac387123008?source=rss-------8-----------------programming
Medium,Programming,Now they talk!?!,https://gamedevchris.medium.com/now-they-talk-ca3fe9d877ac?source=rss-------8-----------------programming
Medium,Software Engineering,Automate SAP Report Extraction with Pyautogui,https://towardsdatascience.com/automate-sap-report-extraction-with-pyautogui-f115ae19b653?source=rss-------8-----------------software_engineering
Medium,Software Engineering,"What Is an Agile Framework, Anyway?",https://medium.com/geekculture/what-is-an-agile-framework-anyway-cb03dca20a5c?source=rss-------8-----------------software_engineering
Medium,Software Engineering,GraphQL Basics,https://medium.com/codex/graphql-basics-82d69b280198?source=rss-------8-----------------software_engineering
Medium,Software Engineering,A Full Stack E-Commerce Application Using Spring Boot and Making a Docker container.,https://medium.com/geekculture/a-full-stack-e-commerce-application-using-spring-boot-and-making-a-docker-container-eff46f6f4e14?source=rss-------8-----------------software_engineering
Medium,Software Engineering,23 Active Software Engineering Publications on Medium,https://betterprogramming.pub/23-active-software-engineering-publications-on-medium-a17484223b9a?source=rss-------8-----------------software_engineering
Medium,Software Engineering,AWS — Elastic Load Balancer (ELB) Overview,https://medium.com/awesome-cloud/aws-elastic-load-balancer-elb-overview-introduction-to-aws-elb-alb-nlb-gwlb-e2820fe8fe27?source=rss-------8-----------------software_engineering
Medium,Software Engineering,Why developers argue about what’s the best programming language,https://thehosk.medium.com/why-developers-argue-about-whats-the-best-programming-language-2a3044c9122f?source=rss-------8-----------------software_engineering
Medium,Software Engineering,Concurrency and locking on databases,https://medium.com/javarevisited/concurrency-and-locking-on-databases-daa14e2aa68d?source=rss-------8-----------------software_engineering
Medium,Software Engineering,Custom traits in Apache Calcite,https://medium.com/querify-labs/custom-traits-in-apache-calcite-7ee21a9ff80c?source=rss-------8-----------------software_engineering
Medium,Software Engineering,How we use React Native Testing Library to monitor application performance in SBK,https://smarketshq.com/how-we-use-react-native-testing-library-to-monitor-application-performance-in-sbk-f45ced357277?source=rss-------8-----------------software_engineering
Medium,Artificial Intelligence,For the week ending 2021–04–16,https://rhm2k.medium.com/for-the-week-ending-2021-04-16-ee3a483b1611?source=rss-------8-----------------artificial_intelligence
Medium,Artificial Intelligence,Now Overwatch AI will build power rankings to decide if you are a better player or not,https://medium.com/windows-ground/now-overwatch-ai-will-build-power-rankings-to-decide-if-you-are-a-better-player-or-not-c53564c7402b?source=rss-------8-----------------artificial_intelligence
Medium,Artificial Intelligence,The Nuanced Truth: Exploring Differences Between ML and AI,https://stephenagrice.medium.com/the-nuanced-truth-exploring-differences-between-ml-and-ai-b53890c18150?source=rss-------8-----------------artificial_intelligence
Medium,Artificial Intelligence,"Craft, AI Art & The Practiced Digital Hand",https://nettricegaskins.medium.com/craft-ai-art-the-practiced-digital-hand-6f454fba9b9?source=rss-------8-----------------artificial_intelligence
Medium,Artificial Intelligence,How I made a genetic algorithm that generates music,https://medium.com/dc-csr/how-i-made-a-genetic-algorithm-that-generates-music-67b90cd0d05e?source=rss-------8-----------------artificial_intelligence
Medium,Artificial Intelligence,I’m Training An AI To Write My Code,https://levelup.gitconnected.com/im-training-an-ai-to-write-my-code-1e27c17e1471?source=rss-------8-----------------artificial_intelligence
Medium,Artificial Intelligence,Helpdesk Automation — 8 Ideas for Robust Ticketing System,https://medium.com/predict/helpdesk-automation-8-ideas-for-robust-ticketing-system-f0cef67d51e5?source=rss-------8-----------------artificial_intelligence
Medium,Artificial Intelligence,AI & Law: British Nationality Act Unexpectedly Spurred AI And Law,https://lance-eliot.medium.com/ai-law-british-nationality-act-unexpectedly-spurred-ai-and-law-404aea03386a?source=rss-------8-----------------artificial_intelligence
Medium,Artificial Intelligence,Engineering Illusions Part II: State and Technology,https://techinsider100.medium.com/engineering-illusions-part-ii-state-and-technology-ef0bb0116fc?source=rss-------8-----------------artificial_intelligence
Medium,Artificial Intelligence,What Are The Challenges of Using AI For Citizens And Immigration Services,https://ai.plainenglish.io/what-are-the-challenges-of-using-ai-for-citizens-and-immigration-services-e8e99b1d0d58?source=rss-------8-----------------artificial_intelligence
Medium,Cybersecurity,Ares Protocol Whitelist Lottery — Round Two,https://aresprotocol.medium.com/ares-protocol-whitelist-lottery-round-two-c2d043176aac?source=rss-------8-----------------cybersecurity
Medium,Cybersecurity,"No cookies for me, thank you!",https://medium.com/brookes2cents/no-cookies-for-me-thank-you-eb495810a57b?source=rss-------8-----------------cybersecurity
Medium,Cybersecurity,Embedding malicious codes into executable files during the download process,https://david-artykov.medium.com/embedding-malicious-codes-into-executable-files-during-the-download-process-93b269aff1a6?source=rss-------8-----------------cybersecurity
Medium,Cybersecurity,XSS Attack Scenarios,https://maaelhamid.medium.com/xss-attack-scenarios-a90553894634?source=rss-------8-----------------cybersecurity
Medium,Cybersecurity,The art of exploitation,https://tomitokics.medium.com/the-art-of-exploitation-6cad51d94fdb?source=rss-------8-----------------cybersecurity
Medium,Cybersecurity,Hack the Box — Laboratory,https://ranakhalil101.medium.com/hack-the-box-laboratory-2ce623b3f4e2?source=rss-------8-----------------cybersecurity
Medium,Cybersecurity,Can an iPhone be hacked? A breakdown of common hacks.,https://medium.com/macoclock/can-an-iphone-be-hacked-a-breakdown-of-common-hacks-770be19af31?source=rss-------8-----------------cybersecurity
Medium,Cybersecurity,DataDownload: The world welcomes crypto as Coinbase goes public,https://nycmedialab.medium.com/datadownload-the-world-welcomes-crypto-as-coinbase-goes-public-1cb62b2c28ec?source=rss-------8-----------------cybersecurity
Medium,Cybersecurity,Notary Service,https://medium.com/noleaks-eu/notary-service-958d28bceeb7?source=rss-------8-----------------cybersecurity
Medium,Cybersecurity,Difference Between Traditional Firewall and Modern Firewall,https://medium.com/nerd-for-tech/difference-between-traditional-firewall-and-modern-firewall-bfebe94ce715?source=rss-------8-----------------cybersecurity
Medium,Technology,Boston Dynamics…the future of robotics.,https://quantumvalley2020.medium.com/boston-dynamics-the-future-of-robotics-68781de92810?source=rss-------8-----------------technology
Medium,Technology,Why did Xiaomi abandon it? Cheap Mibro Air Smartwatch Review,https://isroexpress.medium.com/why-did-xiaomi-abandon-it-cheap-mibro-air-smartwatch-review-7e70f8474e0e?source=rss-------8-----------------technology
Medium,Technology,iOS 14.5 will kick Facebook out of user tracking,https://netlabe.com/ios-14-5-will-kick-facebook-out-of-user-tracking-efd3d8fea569?source=rss-------8-----------------technology
Medium,Technology,Game Controllers Are Still Drifting Into Madness,https://medium.com/super-jump/game-controllers-are-still-drifting-into-madness-ebdeee370db9?source=rss-------8-----------------technology
Medium,Technology,My Tech Gear — Creator Edition,https://medium.com/cheap-tech-reviews/my-tech-gear-creator-edition-bc0dab810c95?source=rss-------8-----------------technology
Medium,Technology,Mass Media Then and Now: A Historical Framework for Regulating Controversial Speech On the Internet,https://medium.com/curious/mass-media-then-and-now-a-historical-framework-for-regulating-controversial-speech-on-the-internet-e169cbeb67ed?source=rss-------8-----------------technology
Medium,Technology,The Windows Phone: An $8 Billion fiasco,https://privacytutor.medium.com/the-windows-phone-an-8-billion-fiasco-8f285adef5cf?source=rss-------8-----------------technology
Medium,Technology,Smart TVs and the Presence of Redundant Technology,https://omarzahran.medium.com/smart-tvs-and-the-presence-of-redundant-technology-a3f8b9b8c5ec?source=rss-------8-----------------technology
Medium,Technology,MacBook Won’t Charge — A Troubleshooting Guide,https://husain-writer.medium.com/macbook-wont-charge-a-troubleshooting-guide-956b727948a3?source=rss-------8-----------------technology
Medium,Technology,What Makes a CPU Fast,https://medium.com/geekculture/what-makes-a-cpu-fast-344517cf91f9?source=rss-------8-----------------technology
